{
    "py-hello-wworld": "Say \"Hello, World!\" With Python",
    "py-if-else": "Python If-Else",
    "python-arithmetic-operators": "Arithmetic Operators",
    "python-division": "Python: Division",
    "python-loops": "Loops",
    "python-print": "Print Function",
    "list-comprehensions": "List Comprehensions",
    "find-second-maximum-number-in-a-list": "Find the Runner-Up Score!  ",
    "nested-list": "Nested Lists",
    "finding-the-percentage": "Finding the percentage",
    "python-lists": "Lists",
    "python-tuples": "Tuples ",
    "swap-case": "sWAP cASE",
    "python-string-split-and-join": "String Split and Join",
    "whats-your-name": "What's Your Name?",
    "python-mutations": "Mutations",
    "find-a-string": "Find a string",
    "string-validators": "String Validators",
    "text-alignment": "Text Alignment",
    "text-wrap": "Text Wrap",
    "designer-door-mat": "Designer Door Mat",
    "python-string-formatting": "String Formatting",
    "alphabet-rangoli": "Alphabet Rangoli",
    "capitalize": "Capitalize!",
    "itertools-product": "itertools.product()",
    "collections-counter": "collections.Counter()",
    "itertools-permutations": "itertools.permutations()",
    "polar-coordinates": "Polar Coordinates",
    "py-introduction-to-sets": "Introduction to Sets",
    "calendar-module": "Calendar Module",
    "defaultdict-tutorial": "DefaultDict Tutorial",
    "exceptions": "Exceptions",
    "py-collections-namedtuple": "Collections.namedtuple()",
    "py-collections-ordereddict": "Collections.OrderedDict()",
    "symmetric-difference": "Symmetric Difference",
    "itertools-combinations": "itertools.combinations()",
    "incorrect-regex": "Incorrect Regex",
    "py-set-add": "Set .add() ",
    "itertools-combinations-with-replacement": "itertools.combinations_with_replacement()",
    "py-set-discard-remove-pop": "Set .discard(), .remove() & .pop()",
    "py-collections-deque": "Collections.deque()",
    "py-set-union": "Set .union() Operation",
    "py-set-intersection-operation": "Set .intersection() Operation",
    "python-mod-divmod": "Mod Divmod",
    "python-power-mod-power": "Power - Mod Power",
    "py-set-difference-operation": "Set .difference() Operation",
    "python-integers-come-in-all-sizes": "Integers Come In All Sizes",
    "py-set-symmetric-difference-operation": "Set .symmetric_difference() Operation",
    "py-set-mutations": "Set Mutations",
    "py-the-captains-room": "The Captain's Room ",
    "py-check-subset": "Check Subset",
    "py-check-strict-superset": "Check Strict Superset",
    "class-2-find-the-torsional-angle": "Class 2 - Find the Torsional Angle",
    "zipped": "Zipped!",
    "input": "Input()",
    "python-eval": "Python Evaluation",
    "any-or-all": "Any or All",
    "introduction-to-regex": "Detect Floating Point Number",
    "map-and-lambda-expression": "Map and Lambda Function",
    "re-split": "Re.split()",
    "re-group-groups": "Group(), Groups() & Groupdict()",
    "re-findall-re-finditer": "Re.findall() & Re.finditer()",
    "re-start-re-end": "Re.start() & Re.end()",
    "validate-a-roman-number": "Validating Roman Numerals",
    "validating-the-phone-number": "Validating phone numbers",
    "validating-named-email-addresses": "Validating and Parsing Email Addresses",
    "hex-color-code": "Hex Color Code",
    "html-parser-part-1": "HTML Parser - Part 1",
    "html-parser-part-2": "HTML Parser - Part 2",
    "detect-html-tags-attributes-and-attribute-values": "Detect HTML Tags, Attributes and Attribute Values",
    "xml-1-find-the-score": "XML 1 - Find the Score",
    "validating-uid": "Validating UID ",
    "xml2-find-the-maximum-depth": "XML2 - Find the Maximum Depth",
    "standardize-mobile-number-using-decorators": "Standardize Mobile Number Using Decorators",
    "decorators-2-name-directory": "Decorators 2 - Name Directory",
    "np-arrays": "Arrays",
    "np-shape-reshape": "Shape and Reshape",
    "np-transpose-and-flatten": "Transpose and Flatten",
    "np-concatenate": "Concatenate",
    "np-zeros-and-ones": "Zeros and Ones",
    "np-eye-and-identity": "Eye and Identity",
    "np-array-mathematics": "Array Mathematics",
    "floor-ceil-and-rint": "Floor, Ceil and Rint",
    "np-sum-and-prod": "Sum and Prod",
    "np-min-and-max": "Min and Max",
    "np-mean-var-and-std": "Mean, Var, and Std",
    "np-dot-and-cross": "Dot and Cross",
    "np-inner-and-outer": "Inner and Outer",
    "np-polynomials": "Polynomials",
    "np-linear-algebra": "Linear Algebra",
    "maximize-it": "Maximize It!",
    "validating-postalcode": "Validating Postal Codes",
    "matrix-script": "Matrix Script",
    "write-a-function": "Write a function",
    "the-minion-game": "The Minion Game",
    "merge-the-tools": "Merge the Tools!",
    "python-time-delta": "Time Delta",
    "find-angle": "Find Angle MBC",
    "no-idea": "No Idea!",
    "word-order": "Word Order",
    "compress-the-string": "Compress the String! ",
    "most-commons": "Company Logo",
    "piling-up": "Piling Up!",
    "triangle-quest-2": "Triangle Quest 2",
    "iterables-and-iterators": "Iterables and Iterators",
    "python-quest-1": "Triangle Quest",
    "class-1-dealing-with-complex-numbers": "Classes: Dealing with Complex Numbers",
    "python-sort-sort": "Athlete Sort",
    "ginorts": "ginortS",
    "validate-list-of-email-address-with-filter": "Validating Email Addresses With a Filter ",
    "reduce-function": "Reduce Function",
    "re-sub-regex-substitution": "Regex Substitution",
    "validating-credit-card-number": "Validating Credit Card Numbers",
    "words-score": "Words Score",
    "default-arguments": "Default Arguments"
}